{"cameraMode":{"drawMode":0,"name":"Shaded","section":"Shading Mode"},"sceneLighting":false,"audioPlay":false,"sceneViewState":{"showFog":true,"showMaterialUpdate":false,"showSkybox":false,"showFlares":true,"showImageEffects":true,"showParticleSystems":true},"in2DMode":false,"pivot":{"x":-1.8600000143051148,"y":1.75,"z":-0.6700000166893005},"rotation":{"x":0.7197122573852539,"y":0.0031241814140230419,"z":-0.0032387266401201488,"w":0.6942582130432129},"size":2.704617738723755,"orthographic":false}